{"cameraMode":{"drawMode":0,"name":"Shaded","section":"Shading Mode"},"sceneLighting":true,"audioPlay":false,"sceneViewState":{"showFog":true,"showMaterialUpdate":false,"showSkybox":true,"showFlares":true,"showImageEffects":true,"showParticleSystems":true},"in2DMode":false,"pivot":{"x":-0.21819722652435304,"y":-0.054057374596595767,"z":-0.15242120623588563},"rotation":{"x":0.0396372452378273,"y":-0.9602745175361633,"z":0.2019764482975006,"w":0.18845844268798829},"size":12.180277824401856,"orthographic":false}